,number,ca,name,material,location,culture,time,img
0,1,0,Venus of Willendorf,limestone,"Willendorf, Austria",Prehistoric,28000 BCE,https://upload.wikimedia.org/wikipedia/commons/thumb/d/dc/Venus_of_Willendorf_-_All_sides.jpg/400px-Venus_of_Willendorf_-_All_sides.jpg
1,2,1,Apollo 11 Stones,charcoal on stone,"Namibia, Africa",Prehistoric,25500 BCE,https://cdn.kastatic.org/ka-perseus-images/5ddc7405f9523b03f2197fc40c8d363e1ffc58f7.jpg
2,3,1,Great Hall of the Bulls,rock painting,"Lascaux, France",Paleolithic Europe,15000 BCE,https://smarthistory.org/wp-content/uploads/2021/09/lascaux-II.jpg
3,4,1,Camelid sacrum in the shape of a canine,bone,"Tequixquiac, Central Mexico",Neolithic Americas,7000 BCE,https://sites.google.com/site/adairarthistory/i-global-prehistory/3-camelid-sacrum-in-the-shape-of-a-canine/4bb0f7_229af600c2d04759b9a1d9f33763b855.jpg?attredirects=0
4,5,1,Running horned woman,pigment on rock,"Tassili n'Ajjer, Algeria",Neolithic Africa,6000 BCE,https://sites.google.com/site/adairarthistory/_/rsrc/1473695051997/i-global-prehistory/4-running-horned-woman/aee1a8776d990715b1d9fc83178da983e5a34e85.jpg
5,6,1,Beaker with ibex motifs,painted terra cotta,"Susa, Iran",Susa I period,4200 BCE,https://sites.google.com/site/adairarthistory/_/rsrc/1473695203139/i-global-prehistory/5-bushel-with-ibex-motifs/louvre-boisseau-decor-animalier-bouquetins.jpg
6,7,2,"White temple and its ziggurat, Uruk",mud brick,"Uruk, modern Iraq  ",Sumerian,3500 BCE,https://cdn.kastatic.org/ka-perseus-images/ae381cd2defdd955a5284dd0c7a8b8bf66150822.jpg
7,8,1,Jade cong,carved jade,"Liangzhu, China",Liangzhu people,3300 BCE,https://cdn.kastatic.org/ka-perseus-images/9a9d7467288fbf31c798f9549da6e977e4e0a6aa.jpg
8,9,1,Anthropomorphic stele,sandstone,Arabian Peninsula,Nabatean people,3000 BCE,https://cdn.kastatic.org/ka-perseus-images/b8734808cf6f6f01bf684ac4523997fec0a64aac.jpg
9,10,2,Palette of King Narmer,greywacke,"Hierakonpolis, Egypt",Predynastic Egypt,3000 BCE,https://cdn.kastatic.org/ka-perseus-images/0cbda693baff5da3d96c79bcd50c934502b05894.jpeg
10,11,2,"Statues of votive figures, Square temple of Eshnanna",gypsum inlaid with shell and black limestone,"Eshnunna, modern Iraq ",Sumerian,2700 BCE ,https://sites.google.com/site/adairarthistory/_/rsrc/1543606870743/ii-ancient-mediterranean/14-statues-of-votive-figures-from-the-square-temple-at-eshnunna/download.jpg
11,12,0,Bull-headed lyre,"wood with inlaid gold, lapis lazuli, and shell",Iraq,Sumerian,2600 BCE,https://upload.wikimedia.org/wikipedia/commons/a/aa/Bull_Headed_Lyre_of_Ur.jpg
12,13,2,Seated Scribe,painted limestone,"Saqqara, Egpyt  ","Old Kingdom, Fourth Dynasty",2600 BCE,https://images.squarespace-cdn.com/content/v1/547abd24e4b0780d55c0bb4a/1476378806864-LK9V4I7U2LKAOTZ7A8ZM/image-asset.jpeg?format=1000w
13,14,2,Standard of Ur from the Royal Tombs at Ur,"wood inlaid with shell, lapis lazuli, and red limestone","Ur, modern Iraq",Sumerian,2600 BCE,https://smarthistory.org/wp-content/uploads/2021/01/StandardOfUrPeace-1.jpg
14,15,2,Great Pyramids and Great Sphinx,cut limestone,"Giza, Egypt  ","Old Kingdom, Fourth Dynasty",2550 BCE,https://cdn.britannica.com/26/171026-050-11CE446C/Great-Sphinx-of-Giza-pyramid-background-Khafre.jpg
15,16,0,"Cycladic Figures, Female and lyre player",marble,"Cycladic Islands, Greece",Cycladic,2500 BCE,https://images.metmuseum.org/CRDImages/gr/original/DP256380.jpg
16,17,2,King Menkaura and Queen,greywacke,"Giza, Egypt  ","Old Kingdom, Fourth Dynasty",2490 BCE,https://sites.google.com/site/adairarthistory/_/rsrc/1487617322699/ii-ancient-mediterranean/18-king-menkaura-and-queen/Screen%20Shot%202017-02-20%20at%202.00.33%20PM.png
17,18,0,Victory Stele of Naram-Sin,pink sandstone,Iran,Akkadian,2254 BCE,https://upload.wikimedia.org/wikipedia/commons/d/d8/Victory_stele_of_Naram_Sin_9068.jpg
18,19,2,The Code of Hammurabi,basalt,"Babylon, modern Iran","Babylonian, Susian",1792 BCE,https://www.history.com/.image/ar_16:9%2Cc_fill%2Ccs_srgb%2Cfl_progressive%2Cg_faces:center%2Cq_auto:good%2Cw_768/MTU3ODc5MDgzNzUxNjQ2OTQz/diorite-stela-with-the-code-of-hammurabi-2.jpg
19,20,0,"Palace at Knossos, Torreador Fresco",fresco,"Crete, Greece",Minoan,1700 BCE,https://cdn.kastatic.org/ka-perseus-images/125a4cd9af9a117378c7e2cfc92dd5e23e70f782.jpg
20,21,0,Octapus vase,Kamares ware jug,"Mycenae, Greece",Minoan,1500 BCE,https://smarthistory.org/wp-content/uploads/2018/08/Octopus-vase-whole-1.jpg
21,22,0,Harvester's vase,"steatite, originally with gold leaf","Hagia Triada, Crete",Minoan,1500 BCE,https://smarthistory.org/wp-content/uploads/2018/08/Harvester_Vase_steatite_Agia_Triada_1450_BC_AMH_145137-EDITED.jpg
22,23,2,Stonehenge,sandstone,"Wiltshire, United Kingdom.", Neolithic Europe ,1500 BCE,https://www.history.com/.image/ar_1:1%2Cc_fill%2Ccs_srgb%2Cfl_progressive%2Cq_auto:good%2Cw_1200/MTYyNzgwNDg4MzQyMTg1ODI1/topic-stonehenge-gettyimages-682586546.jpg
23,24,1,The Ambum Stone,greywacke,"Ambum Valley, Enga Province, Papua New Guinea",,1500 BCE,https://cdn.kastatic.org/ka-perseus-images/b1bb8e7f9171c1b086cf33ee4a959d0db5d0b6d7.jpg
24,25,2,Mortuary temple of Hatshepsut,"sandstone, partially carved into a rock cliff, and red granite","Near Luxor, Egypt","New Kingdom, Eighteenth Dynasty",1473 BCE,https://upload.wikimedia.org/wikipedia/commons/9/94/Hatshetsup-temple-1by7.jpg
25,26,0,"Fowling scene, Musicians and Dancers, tomb of Nebamun",fresco on dry plaster,"Thebes, Egypt","New Kingdom, Eighteenth Dynasty",1400 BCE,https://smarthistory.org/wp-content/uploads/2022/01/244330001.jpg
26,27,0,"Akhenaton, Nefertiti Portrait","sandstone, painted limestone","Amarna, Egypt","Amarna. New Kingdom, Eighteenth Dynasty",1635 BCE,https://sites.google.com/site/adairarthistory/ii-ancient-mediterranean/22-akhenaton-nefertiti-and-three-daughters/akhenaten_nefertiti_and_three_daughters1326170953657.jpg?attredirects=0
27,28,2,"Akhenaton, Nefertiti and three daughters",limestone,"Amarna, Egypt ","Amarna. New Kingdom, Eighteenth Dynasty",1353 BCE,https://www.worldhistory.org/uploads/images/11106.jpg?v=1617968701
28,29,2,"Tutankhamun's tomb, innermost coffin",gold with inlay of enamel and semiprecious stones,"Luxor, Egypt","New Kingdom, Eighteenth Dynasty",1323 BCE,https://cdn.kastatic.org/ka-perseus-images/22e75ac3814bfb2f1a9f2ca762830bbed30fd4eb.jpg
29,30,2,Last Judgment of Hu-Nefer,painted papyrus scroll,"Thebes, Egypt","New Kingdom, Eighteenth Dynasty",1275 BCE,https://sites.google.com/site/adairarthistory/_/rsrc/1475519174765/ii-ancient-mediterranean/24-last-judgment-of-hu-nefer-book-of-the-dead/BD_Hunefer.jpg
30,31,2,Temple of Ramses II,sandstone,"Nubia, Egypt","New Kingdom, Ninteenth Dynasty",1290 BCE,https://cdn.britannica.com/49/189749-050-EDADDEC0/Great-Temple-of-Ramses-II-temples-larger.jpg
31,32,2,Temple of Amun-Re and Hypostyle Hall,cut sandstone and mud brick,"Karnak, Egypt","New Kingdom, Eighteenth and Nineteenth Dynasties",1250 BCE,https://cdn.kastatic.org/ka-perseus-images/6b330952fedc9db87a641f9414b1164ed42a13b5.jpg
32,33,1,Tlatilco female figurine,ceramic,Central Mexico,Tlatilco people,1200 BCE,https://cdn.kastatic.org/ka-perseus-images/046f0f0265f008017f3025b68e061d6245a34880.jpg
33,34,1,Terra cotta fragment,terra cotta (incised),"Solomon islands, Reef Islands",Lapita people,1000 BCE,https://cdn.kastatic.org/googleusercontent/QJf_24AIFT4XBdF0NS0LQcySF5q_CFHAYM3FPp1p-5I_L1et-eoD-zB-ltzyGkXvv7lEdU0ugJCAv9f-4OhiDvI
34,35,5,Chavin de Huantar,stone (architecture); granite (Lanzon and sculpture); hammered gold alloy (jewelry),"Northern highlands, Peru",Chavin people,900 BCE,https://peru.info/Portals/0/Images/Productos/6/26-imagen-10634932018.jpg
35,36,0,Diplyon krater,ceramic,"Athens, Greece",Geometric Greek ,740 BCE,https://images.metmuseum.org/CRDImages/gr/original/DT258.jpg
36,37,2,Lamassu from the Citadel of Sargon II,alabaster,"Dur Sharrukin, Iraq",Neo-Assyrian,720 BCE,https://i.ytimg.com/vi/2GrvBLKaRSI/maxresdefault.jpg
37,38,0,"Archers Pursuing Enemies, Lion Hunt",gypsum  ,Iraq,Assyrian,720 BCE,https://o.quizlet.com/f5lllK9vCOi-PB1lTPK7DQ.jpg
38,39,0,Kouros,marble,Greece,Archaic Greek,600 BCE,https://images.metmuseum.org/CRDImages/gr/original/DT263.jpg
39,40,2,Athenian agora,plan,"Athens, Greece",Archaic through Hellenistic Greek,600 BCE,https://upload.wikimedia.org/wikipedia/commons/thumb/5/50/General_plan_of_the_Agora_in_the_2nd_century_A.D.jpg/500px-General_plan_of_the_Agora_in_the_2nd_century_A.D.jpg
40,41,2,Anavysos Kouros,marble with remnants of paint,"Attica, Greece",Archaic Greek,530 BCE,https://upload.wikimedia.org/wikipedia/commons/e/ea/Kouros_anavissos.jpg
41,42,2,Peplos Kore from the Acropolis,"marble, painted details","Athens, Greece",Archaic Greek,530 BCE,https://theacropolismuseum.gr/sites/default/files/2020-12/7782_1.jpg
42,43,2,Sarcophagus of the Spouses,terra cotta  ,"Cerveteri, Italy",Etruscan,520 BCE,https://upload.wikimedia.org/wikipedia/commons/c/cf/Sarcophagus_of_the_Spouses_from_Villa_Giulia_in_Rome.jpg
43,44,2,Audience Hall of Darius and Xerxes,limestone,"Persepolis, Iran",Persian,520 BCE,https://sites.google.com/site/adairarthistory/_/rsrc/1476054355426/ii-ancient-mediterranean/30-audience-hall-apadana-of-darius-and-xeres/45b63dc24ddda16e4569b1e0e590ff598be19429.jpg
44,45,2,Temple of Minerva and sculpture of Apollo ,"original temple of wood, mud brick, or tufa; terra cotta sculpture","Assissi, Italy",Etruscan,510 BCE,https://smarthistory.org/wp-content/uploads/2022/01/16748027571_e13b03d88a_k.jpg
45,46,0,Temple of Aphaia,marble,"Aegina, Greece",Archaic Greek,500 BCE,https://upload.wikimedia.org/wikipedia/commons/9/90/Aegina_-_Temple_of_Aphaia_03.jpg
46,47,2,Tomb of the Triclinium,tufa and fresco,"Tarquinia, Italy",Etruscan,480 BCE,https://upload.wikimedia.org/wikipedia/commons/f/ff/Pittore_forse_attico%2C_affreschi_della_tomba_del_triclinio%2C_500-475_ac_ca%2C_01.jpg
47,48,2,Niobides Krater,"clay, red-figure technique (white highlights)","Orvieto, Italy",Classical Greek,460 BCE,https://sites.google.com/site/adairarthistory/_/rsrc/1476919012271/ii-ancient-mediterranean/33-niobides-krater/Screen%20Shot%202016-10-19%20at%207.16.31%20PM.png
48,49,0,"Diskobolos, Myron",Roman copy (marble) of Greek original (bronze),"Rome, Italy",Classical Greek,450 BCE,https://media.britishmuseum.org/media/Repository/Documents/2014_10/6_8/14e72733_cc42_46e7_a996_a3bc00932d94/mid_00396999_001.jpg
49,50,2,"Doryphoros, Polykleitos",Roman copy (marble) of Greek original (bronze),"Pompeii, Italy",Classical Greek,450 BCE,https://upload.wikimedia.org/wikipedia/commons/b/b5/Doryphoros_MAN_Napoli_Inv6011-2.jpg
50,51,2,"Acropolis, Iktinos and Kallikrates",marble,"Athens, Greece",Classical Greek,447 BCE,https://i.ytimg.com/vi/tWDflkBZC6U/maxresdefault.jpg
51,52,2,"Grave stele of Hegeso, Kallimachos",marble and paint,"Athens, Greece",Classical Greek,410 BCE,https://sites.google.com/site/adairarthistory/_/rsrc/1476762625935/ii-ancient-mediterranean/36-grave-stele-of-hegeso/hegeso_stele.jpg
52,53,7,Treasury and Great Temple,cut rock,"Petra, Jordan",Nabatean people,400 BCE,https://brewminate.com/wp-content/uploads/2018/11/110118-33-History-Archaeology-Petra-Jordan.jpg
53,54,0,"Aphrodite of Knidos, Praxiteles",roman marble copy of a Greek bronze original,"Knidos, Greece",Classical Greek,350 BCE,https://upload.wikimedia.org/wikipedia/commons/9/9a/Cnidus_Aphrodite_Altemps_Inv8619.jpg
54,55,8,Great Stupa at Sanchi,"stone masonry, sandstone on dome","Madhya Pradesh, India ","Maurya, late Sunga Dynasty",300 BCE,https://cdn.britannica.com/36/155836-050-89E7AA9E/Great-Stupa-Sanchi-India.jpg
55,56,8,Terra cotta warriors from the mausoleum of the first Qin emperor of China,painted terra cotta,"Mount Li, China",Qin Dynasty,221 BCE,https://cdn.kastatic.org/ka-perseus-images/400266d2fadd0b912613980c636ea47a666947e5.jpg
56,57,2,Cerveteri Necropolis,multi-chambered rock cut underground tombs covered by earthen mounds,"Cerveteri, Italy",Etruscan,200 BCE,https://upload.wikimedia.org/wikipedia/commons/4/48/2010-08-13_Cerveteri_Necropoli_Banditaccia_100_0359_Ingresso_2.jpg
57,58,8,Funeral banner of Lady Dai,painted silk,"Changsha, China",Han Dynasty,180 BCE,https://cdn.kastatic.org/ka-perseus-images/9aee5797b4a4dc7ffd551739de62ffab7aed18e3.jpg
58,59,2,Winged Victory of Samothrace,marble,"Samothrace, Greece",Hellenistic Greek,175 BCE,https://upload.wikimedia.org/wikipedia/commons/5/57/Victoire_de_Samothrace_-_vue_de_trois-quart_gauche%2C_gros_plan_de_la_statue_%282%29.JPG
59,60,2,Great Altar of Zeus and Athena at Pergamon,marble,"Asia minor, modern Turkey",Hellenistic Greek,175 BCE,https://cdn.kastatic.org/ka-youtube-converted/L3SIooVHV8E.mp4/L3SIooVHV8E.png
60,61,0,Venus de Milo,marble,Greece,Hellenistic Greek,150 BCE,https://cdn.britannica.com/02/222202-050-40E1A83B/Statue-of-Venus-de-Milo-Louvre-Paris-France.jpg
61,62,2,Alexander Mosaic from the House of Faun ,mosaic,"Pompeii, Italy",Republican Roman,100 BCE,https://upload.wikimedia.org/wikipedia/commons/6/69/Battle_of_Issus_mosaic_-_Museo_Archeologico_Nazionale_-_Naples_2013-05-16_16-25-06_BW.jpg
62,63,2,Seated Boxer,bronze,"Rome, Italy",Hellenistic Greek,100 BCE,https://scholarexchange.furman.edu/context/art231/article/1053/type/native/viewcontent
63,64,2,Head of a Roman patrician,marble,"Rome, Italy",Republican Roman,75 BCE,https://cdn.kastatic.org/ka-perseus-images/81052d10455a11df578ec688caf8dfd47a6b7d69.jpg
64,65,2,House of the Vettii,cut stone and fresco,"Pompeii, Italy",Imperial Roman,62 BCE,https://cdn.kastatic.org/ka-perseus-images/f67fdcc665bf4fb339cd2a90dbe04cbb1609cc5b.jpg
65,66,0,Villa of Pulbius Fannius Synistor,fresco,"Pompeii, Italy",Republican Roman,50 BCE,https://collectionapi.metmuseum.org/api/collection/v1/iiif/247017/536525/main-image
66,67,0,Laocoon and sons,marble,"Rome, Italy",Hellenistic Greek,1 BCE,https://static.nationalgeographic.co.uk/files/styles/image_3200/public/lagoon-main.jpg?w=400&h=400&p=top&q=75
67,68,2,Augustus of  Prima Porta,marble,"Rome, Italy",Imperial Roman,5 CE,https://smarthistory.org/wp-content/uploads/2020/10/primaporta-tall.jpg
68,69,2,Colosseum (Flavian Amphitheater),stone and concrete,"Rome, Italy",Imperial Roman,70 CE,https://sites.google.com/site/adairarthistory/_/rsrc/1477515561973/ii-ancient-mediterranean/44-colosseum-flavian-amphitheater/106741-004-E0EE8460.jpg?height=264&width=400
69,70,2,"Forum of Trajan, Apollodorus of Damascus,  markets and column",brick and concrete (architecture); marble (column),"Rome, Italy   ",Imperial Roman,106 CE,https://i.ytimg.com/vi/y-IAOPxkNWo/maxresdefault.jpg
70,71,2,Pantheon,concrete with stone facing,"Rome, Italy",Imperial Roman,118 CE,https://upload.wikimedia.org/wikipedia/commons/thumb/7/7b/Pantheon_%28Rome%29_-_Right_side_and_front.jpg/800px-Pantheon_%28Rome%29_-_Right_side_and_front.jpg
71,72,3,Catacomb of Priscilla,excavated tufa and fresco,"Rome, Italy",Early Christian Europe,200 CE,https://upload.wikimedia.org/wikipedia/commons/thumb/9/90/Good_Shepherd_Catacomb_of_Priscilla.jpg/210px-Good_Shepherd_Catacomb_of_Priscilla.jpg
72,73,2,Ludovisi Battle Sarcophagus,marble,"Rome, Italy",Late Imperial Roman,250 CE,https://upload.wikimedia.org/wikipedia/commons/8/8a/Grande_Ludovisi_Altemps_Inv8574.jpg
73,74,0,"Basilica Nova, portrait of Constantine",marble,"Rome, Italy",Late Imperial Roman,306 CE,https://i.pinimg.com/originals/42/5c/bb/425cbb1c59069f93ac91355243a4d103.jpg
74,75,7,Buddha,cut rock with plaster and polychrome paint,"Bamiyan, Afghanistan",Gandharan,400 CE,https://www.biography.com/.image/t_share/MTY2Nzk2NDk1NjMzMjYyNTY5/gaudara-buddha-approx-3rd-century-bc-photo-by-eliot-elisofon_the-life-picture-collection-via-getty-images_getty-images.jpg
75,76,0,Old St. Peters church,"wood, stone construction","Rome, Italy",Early Christian Europe,319 CE,https://3.bp.blogspot.com/-rBqq3NI_mn4/WZomow36euI/AAAAAAAA9MA/d8SKtezo0mMyUo-HPeHCT-rXpV7mH-LFACLcBGAs/s1600/old-st_-peters.png
76,77,3,Santa Sabina,"brick and stone, wooden roof","Rome, Italy",Early Christian Europe,422 CE,https://upload.wikimedia.org/wikipedia/commons/f/f8/Rom%2C_Basilika_Santa_Sabina%2C_Au%C3%9Fenansicht.jpg
77,78,0,Mausoleum of Galla Placidia,"brick, mosaic work","Ravenna, Italy", Early Byzantine Europe,425 CE,https://www.italymagazine.com/sites/default/files/story/gallaplacidia.jpg
78,79,5,Mesa Verde cliff dwellings,sandstone,"Montezuma County, Colorado",Ancestral Puebloan,450 CE,https://cdn.kastatic.org/ka-perseus-images/12e0beac293f7baeac548b981e4203db273a8a27.jpg
79,80,8,Longmen caves,limestone,"Luoyang, China",Tang dynasty,493 CE,https://cdn.britannica.com/95/137495-050-822B684E/Group-Luoyang-stone-sculptures-Longmen-caves-China.jpg
80,81,8,Gold and jade crown,metalwork, Korea,"Three Kingdoms Period, Silla Kingdom",550 CE,https://cdn.kastatic.org/ka-perseus-images/3fec7bd2feca1771b8517897f2e60e42ebdd3cee.jpg
81,82,3,"Rebecca and Eliezer at the Well, Jacob Wrestling the Angel from the Vienna Genesis","illuminated manuscript (tempera, gold, and silver on purple velum)",Syria,Early Byzantine Europe,500 CE,https://cdn.kastatic.org/ka-perseus-images/db5d3d08cb473f155b15d39925fdc578ec669391.jpg
82,83,3,San Vitale,"brick, marble, and stone veneer; mosiac","Ravenna, Italy",Byzantine Europe,526 CE,https://upload.wikimedia.org/wikipedia/commons/thumb/5/51/Basilica_of_San_Vitale.jpg/1200px-Basilica_of_San_Vitale.jpg
83,84,3,"Hagia Sophia, Anthemius of Tralles and Isodorus of Miletus",brick and ceramic elements with stone and mosiac veneer,Constantinople (Istanbul),Byzantine,532 CE,https://d7hftxdivxxvm.cloudfront.net/?resize_to=fit&width=800&height=650&quality=80&src=https%3A%2F%2Fd32dm0rphc51dk.cloudfront.net%2FhPWNa_Kck1cJWuNj880P9A%2Fnormalized.jpg
84,85,3,Merovingian looped fibula,"silver gilt work in filigree, with inlays of garnet and other stones",Visogothic Spain,Medieval Europe,550 CE,https://sites.google.com/site/adairarthistory/_/rsrc/1547356430386/iii-early-europe-and-colonial-americas/53-merovingian-looped-fibulae/386da29e07daff6e0367389b1c3bdcffa1ee117e.jpg
85,86,3,Virgin (Theotokos) and Child between Saints Theodore and George,encaustic on wood,Egypt,Early Byzantine Europe,600 CE,https://smarthistory.org/wp-content/uploads/2021/10/TheotokosEncaustic.jpg
86,87,7,The Kaaba,"granite masonry, covered with silk curtain and calligraphy in gold and silver-wrapped thread","Mecca, Saudi Arabia",Islamic,631 CE,https://upload.wikimedia.org/wikipedia/commons/6/67/Kaaba_Masjid_Haraam_Makkah.jpg
87,88,7,"Jowo Rinpoche, enshrined in the Jokhang Temple","gilt metals with semiprecious stonnes, pearls, and paint; various offerings","Lhasa, Tibet",Yarlung Dynasty,641 CE,https://cdn.kastatic.org/ka-perseus-images/6dc6b88f0578fe1bcd2c6c1c5b0f81cf3716e7b3.jpg
88,89,7,Dome of the Rock,"stone masonry and wooden roof decorated with glazed ceramic tile, mosiacs, and gilg aluminum and bronze dome","Jerusalem, Palestine",Islamic,691 CE,https://cdn.britannica.com/93/84693-050-BBB16251/Dome-of-the-Rock-Jerusalem.jpg
89,90,7,Great Mosque of Isfahan,"stone, brick, wood, plaster, and glazed ceramic tile","Isfahan, Iran","Islamic, Persian,  Timurid and Safivid Dynasties",700 CE,https://ka-perseus-images.s3.amazonaws.com/ec15b0cee99a6728c5efd7412e7e368c7d969b12.jpg
90,91,7,Folio from a Qur'an,"ink, color, and gold on parchment","Arab, North Africa, or Near East",Abbasid dynasty,700 CE,https://smarthistory.org/wp-content/uploads/2022/01/MorganFolio-scaled.jpg
91,92,3,"Lindisfarne Gospels: St. Matthew, cross-carpet page, St. Luke portrait page; St. Luke incipit page","illuminated manuscript (ink, pigments, and gold on velum)","Northumbria, Englad",Early Medieval Europe (Hiberno Saxon),700 CE,https://sites.google.com/site/adairarthistory/_/rsrc/1487724176312/iii-early-europe-and-colonial-americas/55-lindisfarne-gospels-st-matthew-cross-carpet-page-st-luke-incipit-page/14f8accf5bed6f4ff3c76064c87b0a17128aacbd.jpg?height=261&width=320
92,93,9,Nan Madol,basalt boulders and prismatic columns,"Pohnpei, Micronesia", Saudeleur Dynasty,700 CE,https://upload.wikimedia.org/wikipedia/commons/thumb/c/c3/Nan_madol.jpg/1200px-Nan_madol.jpg
93,94,5,Yaxchilan,limestone,"Chiapas, Mexico",Maya,725 CE,https://upload.wikimedia.org/wikipedia/commons/5/56/Foto_en_la_Zona_Arqueol%C3%B3gica_de_Yaxchilan_01.jpg
94,95,8,Todai-ji,bronze and wood (sculpture); wood with ceramic-tile roofing (architecture),"Nara, Japan",Song dynasty,743 CE,https://www.japan-guide.com/g19/4100_11.jpg
95,96,3,Great Mosque at Cordoba,stone masonry,"Cordoba, Spain",Umayyad dynasty,785 CE,https://cdn.kastatic.org/googleusercontent/VKykDZejDUiBdClj1W7IpEKkBk65MlZ1yW0rq-rdas81WOfTtnqy9PX47-_sVcUNaBJLP3z1WDh0FuQSQ5Iqr95FYktf8WfBp4eZXfE
96,97,8,Borobudur Temple,volcanic-stone masonry,"Central Java, Indonesia",Sailendra dynasty,750 CE,https://lp-cms-production.imgix.net/2019-06/f4024c571e5e09ce5e4049bc181500b1-borobudur-temple.jpg?sharp=10&vib=20&w=1200&auto=compress&fit=crop&fm=auto&h=800
97,98,8,"Angkor, the temple of Angkor Wat and the city of Angkor Thom","stone masonry, sandstone  ",Cambodia,Angkor dynasty,800 CE,https://cdn.kastatic.org/ka-perseus-images/206e01cfbc1b9605649856c2d44cb9a507842daf.jpg
98,99,0,Book of Kells Page,tempera on vellum,Ireland,Celtic ,800 CE,https://upload.wikimedia.org/wikipedia/commons/b/b1/KellsFol032vChristEnthroned.jpg
99,100,8,Lakshmana Temple,sandstone,"Khajuraho, India.  Hindu",Chandella dynasty,930 CE,https://upload.wikimedia.org/wikipedia/commons/d/d5/Khajuraho-Lakshmana_temple.JPG
100,101,3,Pyxis of al-Mughira,ivory,Spain,Umayyad dynasty,968 CE,https://smarthistory.org/wp-content/uploads/2021/10/PyxFront.jpg
101,102,8,"Travelers among Mountains and Streams, Fan Kuan",ink and colors on silk,China,Northern Song dynasty,1000 CE,https://cdn.kastatic.org/ka-perseus-images/a200bf6c1fe1b5afce5b44c13a9635164daa82e4.jpg
102,103,8,Shiva as Lord of Dance (Nataraja),cast bronze,Hindu; India,Chola dynasty,1000 CE,https://images.metmuseum.org/CRDImages/as/original/DT240.jpg
103,104,6,Conical tower and circular wall of Great Zimbabwe,coursed granite blocks,Southeastern Zimbabwe,Shona peoples,1000 CE,https://sites.google.com/site/adairarthistory/_/rsrc/1539522696583/vi-africa/167-conical-tower-and-circular-wall-of-great-zimbabwe/Screen%20Shot%202018-10-14%20at%209.07.22%20AM.png?height=265&width=320
104,105,3,Bayeux Tapestry,embroidery on linen,"Bayeux, France",Romanesque Europe,1066 CE,https://upload.wikimedia.org/wikipedia/commons/9/9c/Odo_bayeux_tapestry.png
105,106,5,Great Serpent Mound,earthwork/effigy mound,"Adams County, southern Ohio",Mississippian,1070 CE,https://www.history.com/.image/t_share/MTU3ODc5MDg3MjQyNzQ5MjU3/serpent-mound.jpg
106,107,9,Moai on platform (ahu),volcanic tuff figures on basalt base,Easter Island,Rapa Nui peoples,1100 CE,https://assets.sutori.com/user-uploads/image/50e7c9d0-8fed-4f72-b528-9945268c5594/67195730aebd57916822659ace0eb23a.jpeg
107,108,3,Church of Sainte-Foy and reliquary,"stone (architecture); stone and paint (tympanum); gold, silver, gemstones and enamel over wood (reliquary)","Conques, France",Romanesque Europe,1130 CE,https://sites.google.com/site/adairarthistory/_/rsrc/1487202744980/iii-early-europe-and-colonial-americas/58-church-of-sainte-foy-and-reliquary/f2d2ad8f9a354c98d773fc44a744d552e6247e86.jpg
108,109,0,St. Denis,"stone, stained glass","Paris, France",French Gothic,1140 CE,https://upload.wikimedia.org/wikipedia/commons/thumb/4/48/Saint-Denis_-_Fa%C3%A7ade.jpg/220px-Saint-Denis_-_Fa%C3%A7ade.jpg
109,110,3,Chartres Cathedral,"limestone, stained glass","Chartres, France",French Gothic,1145 CE,https://upload.wikimedia.org/wikipedia/commons/2/28/Notre_Dame_de_Chartres.jpg
110,111,0,Notre Dame Cathedral,"stone, stained glass","Paris, France",French Gothic,1163 CE,https://cdn.britannica.com/35/155335-050-D0C61BB7/Notre-Dame-de-Paris-France.jpg
111,112,3,"Dedication Page with Blanche of Castile and King Louis IX of France, Scenes from the Apocalypse from Bibles moralisees","Illuminated manuscript (ink, tempera, and gold leaf on vellum)","Paris, France",Gothic Europe,1194 CE,https://cdn.kastatic.org/ka-perseus-images/92c93b62a9028b83eca774afed2481d0813dc783.jpg
112,113,6,Great mosqe of Djenne,adobe,Mali,Sudano-Sahelian people,1200 CE,https://upload.wikimedia.org/wikipedia/commons/7/75/Djenne_great_mud_mosque.jpg
113,114,8,Night Attack on the Sanjo Palace,handscroll (ink and color on paper_,Japan,Kamakura Period,1250 CE,https://cdn.kastatic.org/ka-perseus-images/795a666dea27a6eb2346fb273562cbaf423bf920.jpg
114,115,0,"Palazzo Pubblico, including frescoes, Siena","stone construction, fresco","Siena, Italy",Proto-Italian Renaissance,1288 CE,https://upload.wikimedia.org/wikipedia/commons/1/11/Ambrogio_Lorenzetti_-_Effects_of_Good_Government_in_the_city_-_Google_Art_Project.jpg
115,116,3,Rottgen Pieta,painted wood,"Bonn, Germany",German Gothic,1300 CE,https://cdn.kastatic.org/ka-perseus-images/1437baa6ac15d777c4740ecaccc807742f04193d.jpg
116,117,3,"Arena (Scrovegni) Chapel, incluing Lamentation.  Giotto di Bondone",brick (architecture) and fresco,"Padua, Italy",Proto-Italian Renaissance,1303 CE,https://sites.google.com/site/adairarthistory/_/rsrc/1487600389282/iii-early-europe-and-colonial-americas/63-arena-scrovegni-chapel-including-lamentation/maxresdefault-1.jpg?height=371&width=400
117,118,0,"Madonna Enthroned, Giotto (compare with Cimabue)",tempera and gold leaf on wood,Italy,Proto-Italian Renaissance,1310 CE,https://i.ytimg.com/vi/DKnFvXmUlOI/maxresdefault.jpg
118,119,3,"Golden Haggadah (The Plagues of Egypt, Scenes of Liberation, and Preparation for Passover)",illuminated manuscript (pigments and gold leaf on vellum),Barcelona Spain,Jewish,1320 CE,https://cdn.kastatic.org/ka-perseus-images/2235662cbba49ea3deba42c9017b09c1563c3b7e.jpg
119,120,7,"Basin, Baptisterey of St. Louis",brass inlaid with gold and silver,Egypt or Syria,Mamluk,1320 CE,https://www.qantara-med.org/admin/pics_diapo/1393Bassin%20dit%20Baptist%C3%A8re%20de%20Saint%20Louis%20Copyrights%20RMN%20Franck%20Raux%20bis.jpg
120,121,7,"Bahram Gur Fights the Karg, folio from the Great Il-Khanid Shahnama.","ink and opaque watercolor, gold, and silver on paper",Central Asia,Islamic; Persian,1330 CE,https://cdn.kastatic.org/ka-perseus-images/28f590ed692155ea69b8a6ef6894ca6f339c2685.jpg
121,122,8,The David Vases,white porcelain with cobalt-blue underglaze,"Jiangxi province, China",Yuan dynasty,1351 CE,https://cdn.kastatic.org/ka-perseus-images/e905b5d7cb1544443c760ae2c4cdeb1afc24b7cc.jpg
122,123,3,Alhambra,"whitewashed adobe stucco, wood, tile, paint, and gilding","Granada, Spain",Nasrid dynasty,1354 CE,https://upload.wikimedia.org/wikipedia/commons/thumb/d/de/Dawn_Charles_V_Palace_Alhambra_Granada_Andalusia_Spain.jpg/1200px-Dawn_Charles_V_Palace_Alhambra_Granada_Andalusia_Spain.jpg
123,124,5,Templo Mayor,stone (temple); volcanic stone (The Coyolxauhqui Stone); jadeite (Olmec-style mask); basalt (Calendar Stone),Tenochtitlan. Mexica ,Aztec,1375 CE,https://upload.wikimedia.org/wikipedia/commons/1/19/Templo_Mayor_50.jpg
124,125,8,Forbidden City,"stone masonry, marble, brick, wood, and ceramic tile","Beijing, China",Ming dynasty,1400 CE,https://images.chinahighlights.com/allpicture/2021/07/ba7326f5e3544102917eb2c0_cut_800x500_349.jpg
125,126,0,"Competition panels for baptistery, Florence, Ghiberti, Brunelleschi",gilded bronze,"Florence, Italy",Early Italian Renaissance,1401 CE,https://www.thedigitalartworld.com/wp-content/uploads/2019/09/Ghiberti-Brunelleschi-competition-panels.png
126,127,0,"St. Mark, Donatello",marble,"Florence, Italy",Early Italian Renaissance,1411 CE,https://upload.wikimedia.org/wikipedia/commons/thumb/f/f7/Stmark.jpg/250px-Stmark.jpg
127,128,0,"Les Tres Riches Heures de Duc de Berry, Limbourg Brothers",ink on vellulm,France,Northern Renaissance,1413 CE,https://upload.wikimedia.org/wikipedia/commons/8/8a/Les_Tr%C3%A8s_Riches_Heures_du_duc_de_Berry_Janvier.jpg
128,129,8,Portrait of Sin Sukju,hanging scroll (ink and color on silk),Korea,Imperial Bureau of Painting,1417 CE,https://cdn.kastatic.org/ka-perseus-images/c8b3db94dd77fabd932d77e562bacba0492ed346.jpg
129,130,0,Florence Cathedral,"brick, cut stone","Florence, Italy",Italian Gothic,1420 CE,https://upload.wikimedia.org/wikipedia/commons/7/77/Florence_Duomo_from_Michelangelo_hill.jpg
130,131,0,"Holy Trinity, Masaccio",fresco,"Florence, Italy",Italian Renaissance,1424 CE,https://upload.wikimedia.org/wikipedia/commons/d/d2/Masaccio%2C_trinit%C3%A0.jpg
131,132,5,Ruler's feather headdress,feathers (quetzal and cotinga) and gold,Mexica,Aztec,1428 CE,https://upload.wikimedia.org/wikipedia/commons/d/dd/Feather_headdress_Moctezuma_II.JPG
132,133,3,"Pazzi Chapel, Basilica di Santa Croce, Filippo Brunelleschi",masonry,"Florence, Italy",Italian Renaissance,1429 CE,https://upload.wikimedia.org/wikipedia/commons/f/f9/Pazzi_Chapel_Santa_Croce_Apr_2008_P.JPG
133,134,3,"Annunciation Triptych (Merode Altarpiece), workshop of Robert Campin",oil on wood,Netherlands,Northern Renaissance,1432 CE,https://images.metmuseum.org/CRDImages/cl/original/DP273206.jpg
134,135,0,"Ghent Altarpiece, Jan Van Eyck",oil on wood,"Ghent, Belgium",Northern Renaissance,1432 CE,https://cdn.kastatic.org/ka-perseus-images/50a0acb89ba44fd682b604abc2ffb5ccbb0eb529.jpg
135,136,3,"The Arnolfini Portrait, Jan Van Eyck",oil on wood,Belgium,Northern Renaissance,1434 CE,https://upload.wikimedia.org/wikipedia/commons/3/33/Van_Eyck_-_Arnolfini_Portrait.jpg
136,137,5,"City of Cusco, including Qorikancha, Santo Domingo, and Walls at Saqsa Waman",andesite,"Central highlands, Peru",Inka,1440 CE,https://ka-perseus-images.s3.amazonaws.com/e334489c590869411a42ae62f7298ce11341dbfe.jpg
137,138,5,Maize cobs,"sheet metal/repousse, metal alloys","Central highlands, Peru",Inka,1440 CE,https://cdn.kastatic.org/ka-perseus-images/c76e553a1733f94d46ed70e4c50990149a8be9ed.jpg
138,139,3,"David, Donatello",bronze,"Florence, Italy",Early Italian Renaissance,1440 CE,https://upload.wikimedia.org/wikipedia/commons/7/7f/Florence_-_David_by_Donatello.jpg
139,140,3,"Palazzo Rucellai, Leon Battista Alberti","stone, masonry","Florence, Italy",Early Italian Renaissance,1450 CE,https://smarthistory.org/wp-content/uploads/2021/10/RucellaiTiers.jpg
140,141,5,City of Machu Picchu,granite,"Central highlands, Peru",Inka,1450 CE,https://upload.wikimedia.org/wikipedia/commons/e/eb/Machu_Picchu%2C_Peru.jpg
141,142,5,All-T'oqapu tunic,camelid fiber and cotton,"Andes, Peru",Inka,1450 CE,https://smarthistory.org/wp-content/uploads/2019/11/InkaTunic.jpg
142,143,3,"Madonna and Child with Two Angels, Fra Filippo Lippi",tempera on wood,"Florence, Italy",Early Italian Renaissance,1465 CE,https://i.ytimg.com/vi/Ly2-n1KqNko/maxresdefault.jpg
143,144,8,Ryoan-ji ,rock garden,"Kyoto, Japan",Muromachi Period,1480 CE,https://upload.wikimedia.org/wikipedia/commons/f/fc/Kyoto-Ryoan-Ji_MG_4512.jpg
144,145,3,"Birth of Venus, Sandro Boticelli",tempera on canvas,"Florence, Italy",Early Italian Renaissance,1484 CE,https://upload.wikimedia.org/wikipedia/commons/thumb/0/0b/Sandro_Botticelli_-_La_nascita_di_Venere_-_Google_Art_Project_-_edited.jpg/1200px-Sandro_Botticelli_-_La_nascita_di_Venere_-_Google_Art_Project_-_edited.jpg
145,146,3,"Last Supper, Leonardo Da Vinci",oil and tempera,"Milan, Italy",Italian Renaissance,1494 CE,https://upload.wikimedia.org/wikipedia/commons/thumb/4/48/The_Last_Supper_-_Leonardo_Da_Vinci_-_High_Resolution_32x16.jpg/640px-The_Last_Supper_-_Leonardo_Da_Vinci_-_High_Resolution_32x16.jpg
146,147,0,"Pieta, Michelangelo",marble,"Rome, Italy",Italian Renaissance,1498 CE,https://upload.wikimedia.org/wikipedia/commons/6/6c/Michelangelo%27s_Pieta_5450_cut_out_black.jpg
147,148,0,"David, Michelangelo",marble,"Florence, Italy",Italian Renaissance,1501 CE,https://upload.wikimedia.org/wikipedia/commons/thumb/8/80/Michelangelo%27s_David_-_right_view_2.jpg/1200px-Michelangelo%27s_David_-_right_view_2.jpg
148,149,0,"Mona Lisa, Da Vinci",oil on wood,Italy,Italian Renaissance,1503 CE,https://upload.wikimedia.org/wikipedia/commons/thumb/e/ec/Mona_Lisa%2C_by_Leonardo_da_Vinci%2C_from_C2RMF_retouched.jpg/1200px-Mona_Lisa%2C_by_Leonardo_da_Vinci%2C_from_C2RMF_retouched.jpg
149,150,3,"Adam and Eve, Albrecht Durer",engraving,"Nuremberg, Germany",Northern Renaissance,1504 CE,https://i.guim.co.uk/img/media/c238fa378db8a8916995d34922328ba040cdaa7f/0_9_2154_1292/master/2154.jpg?width=1200&height=900&quality=85&auto=format&fit=crop&s=55aa3b7f06774f487dd39a088db4bcf1
150,151,0,"Garden of Earthly Delights, Bosch",oil on wood,Spain,Early Northern Renaissance,1505 CE,https://upload.wikimedia.org/wikipedia/commons/thumb/9/96/The_Garden_of_earthly_delights.jpg/1200px-The_Garden_of_earthly_delights.jpg
151,152,3,"Sistine Chapel ceiling, Michelangelo",fresco,"Vatican city, Italy",Italian Renaissance,1508 CE,https://upload.wikimedia.org/wikipedia/commons/thumb/a/a9/Sistine_Chapel_ceiling_02.jpg/1200px-Sistine_Chapel_ceiling_02.jpg
152,153,3,"School of Athens, Raphael",fresco,"Vatican city, Italy",Italian Renaissance,1509 CE,https://upload.wikimedia.org/wikipedia/commons/4/49/%22The_School_of_Athens%22_by_Raffaello_Sanzio_da_Urbino.jpg
153,154,3,"Isenheim altarpiece, Matthias Grunewald",oil on wood,"Colmar, France",Northern Renaissance,1512 CE,https://upload.wikimedia.org/wikipedia/commons/thumb/5/5f/Grunewald_Isenheim1.jpg/300px-Grunewald_Isenheim1.jpg
154,155,0,"tomb of Giuliano de'Medici, Michelangelo",marble,"Florence, Italy",Italian Renaissance,1519 CE,https://cdn.britannica.com/78/2578-050-E3AAE245/tomb-Giuliano-de-Medici-Michelangelo-San-Lorenzo.jpg
155,156,7,"The Court of Gayumars, folio from Shah Tahmasp's Shahnama","ink, opaque watercolor, and gold on paper",Iran; Persia,Safavid dynasty,1522 CE,https://cdn.kastatic.org/ka-perseus-images/627cce03fd3c2a40ac9856558f529b69c9dc8ee8.jpg
156,157,3,"Entombment of Christ, Jacopo Pontormo",oil on wood,"Florence, Italy",Italian Mannerism,1525 CE,https://sites.google.com/site/adairarthistory/_/rsrc/1485219468260/iii-early-europe-and-colonial-americas/78-entombment-of-christ-jacobo-da-pontormo/Screen%20Shot%202017-01-23%20at%207.52.56%20PM.png
157,158,3,"Allegory of Law and Grace, Lucas Cranach the Elder",woodcut and letterpress,Germany,German Renaissance,1530 CE,https://upload.wikimedia.org/wikipedia/commons/e/ef/GOTHA-cranach-veljo.jpg
158,159,3,"Sistine Chapel altar wall, Michelangelo",fresco,"Vatican city, Italy",Italian Renaissance,1534 CE,https://cdn.kastatic.org/ka-perseus-images/2ef31cff9ecaa193b7512b05f62c4e01d3b2e6bc.jpg
159,160,3,"Venus of Urbino, Titian",oil on canvas,"Urbino, Italy",Venetian Renaissance,1538 CE,https://render.fineartamerica.com/images/rendered/small/print/images/artworkimages/square/2/6-venus-of-urbino-titian.jpg
160,161,7,The Ardabil Carpet,silk and wool,Iran ,Islamic; Persian,1539 CE,https://vanda-production-assets.s3.amazonaws.com/2016/05/13/15/19/55/94891de5-189c-4c88-a5ec-f9ab1b09d545/2006AM1085---entire-carpet-(1280).jpg
161,162,3,Frontispiece of the Codex Mendoza,ink and color on paper,Vicerroyalty of New Spain,Aztec,1541 CE,https://cdn.kastatic.org/ka-perseus-images/19e412f9c0816b2cccff76d55417230578f41510.jpg
162,163,6,"Wall plaque, from Oba's palace",cast brass, Benin (Nigeria),Edo peoples,1550 CE,https://sites.google.com/site/adairarthistory/_/rsrc/1538497880496/vi-africa/169-wall-plaque-from-obas-palace/Screen%20Shot%202018-10-02%20at%2012.30.54%20PM.png
163,164,0,"Villa Rotonda, Palladio",terra cotta roof tiles and architecture,"Venice, Italy",Italian Renaissance,1550 CE,https://upload.wikimedia.org/wikipedia/commons/d/d8/Larotonda2009.JPG
164,165,3,"Hunters in the Snow, Pieter Bruegel the Elder ",oil on wood,Belgium,Flemish Renaissance,1565 CE,https://upload.wikimedia.org/wikipedia/commons/thumb/a/a0/Pieter_Bruegel_the_Elder_-_Hunters_in_the_Snow_-_opt.jpg/1280px-Pieter_Bruegel_the_Elder_-_Hunters_in_the_Snow_-_opt.jpg
165,166,3,"Il Gesu, Triumph of the Name of Jesus fresco, Giacomo da Vignola (architect); Giacomo della Porta (fa√ßade); Giovanni Battista Gaulli (fresco)","brick, marble, fresco, and stucco","Rome, Italy",Italian Baroque,1568 CE,https://sites.google.com/site/adairarthistory/_/rsrc/1486918090914/iii-early-europe-and-colonial-americas/82-il-ges-including-triumph-of-the-name-of-jesus-ceiling-fresco/Screen%20Shot%202017-02-12%20at%2011.46.23%20AM.png
166,167,3,"Mosque of Selim II, Sinan ",brick and stone ,"Edirne, Turkey",Islamic,1568 CE,https://cdn.kastatic.org/ka-perseus-images/733e50467d354d9de6fee9dc3b8c732353753aee.jpg
167,168,3,"Calling of Saint Matthew, Caravaggio",oil on canvas,"Rome, Italy",Italian Baroque,1597 CE,https://upload.wikimedia.org/wikipedia/commons/thumb/4/48/The_Calling_of_Saint_Matthew-Caravaggo_%281599-1600%29.jpg/1200px-The_Calling_of_Saint_Matthew-Caravaggo_%281599-1600%29.jpg
168,169,0,"St. Peters, Vatican","marble, bronze","Vatican city, Italy",Italian Baroque,1606 CE,https://upload.wikimedia.org/wikipedia/commons/thumb/f/f5/Basilica_di_San_Pietro_in_Vaticano_September_2015-1a.jpg/1200px-Basilica_di_San_Pietro_in_Vaticano_September_2015-1a.jpg
169,170,0,"Judith Beheading Holofernes, Gentileschi",oil on canvas,Italy,Italian Baroque,1614 CE,https://ka-perseus-images.s3.amazonaws.com/c7c9e80c309a6e17daebdf461c4374ec3ee0aa20.jpg
170,171,8,"Jahangir Preferring a Sufi Shaikh to Kings, Bichitr","watercolor, gold, and ink on paper",South Asia,Mughal dynasty,1620 CE,https://ka-perseus-images.s3.amazonaws.com/8451424fb635b11aa1163758dab84183586e94a7.jpg
171,172,3,"Henry IV Receives portrait of Marie de'Medici, Peter Paul Rubens",oil on canvas,"Paris, France",French Baroque,1621 CE,https://cdn.kastatic.org/ka-perseus-images/755b7b88057c020b986ac2f05e8ea46b1452a654.jpg
172,173,0,"Anatomy Lesson of Dr. Tulp, Rembrandt",oil on canvas,Amsterdam,Dutch Baroque,1632 CE,https://upload.wikimedia.org/wikipedia/commons/thumb/4/4d/Rembrandt_-_The_Anatomy_Lesson_of_Dr_Nicolaes_Tulp.jpg/1200px-Rembrandt_-_The_Anatomy_Lesson_of_Dr_Nicolaes_Tulp.jpg
173,174,8,Taj Mahal,stone masonry and marble with inlay of precious and semiprecious stones; gardens,"Agra, Uttar Pradesh, India",Mughal empire,1632 CE,https://cdn.britannica.com/86/170586-050-AB7FEFAE/Taj-Mahal-Agra-India.jpg
174,175,3,"Self Portrait with Saskia, Rembrandt van Rijn",etching,Amsterdam,Dutch Baroque,1636 CE,https://cdn.kastatic.org/ka-perseus-images/4e4f8915a7fce5cfafa724c4ecedf04c22bb13ca.jpg
175,176,3,"San Carlo Alle Quattro Fontane, Francesco Borromini",stone and stucco,"Rome, Italy",Italian Baroque,1646 CE,https://3.bp.blogspot.com/-JFRd8a_2I4A/Vsr-yzFS0yI/AAAAAAAAGpg/-mQYuEvCUaw/s1600/IMG_0075.jpg
176,177,3,"Ecstasy of St Theresa, Cornaro Chapel, Church of Santa Maria della Vittoria, Gion Lorenzo Bernini",marble (sculpture); stucco and gilt bronze (chapel),"Rome, Italy",Italian Baroque,1647 CE,http://blogs.cuit.columbia.edu/deb2170/files/2014/12/The-Ecstasy-of-St-Teresa1.jpg
177,178,3,"Angel with Arquebus, Asiel Timor Dei, Master of Calamarca (la Paz School)",oil on canvas,Peru,Spanish colonial,1650 CE,https://cdn.kastatic.org/ka-perseus-images/ed31076b997b5fb35a42a148f1bcc71f70c95c71.jpg
178,179,3,"Las Meninas, Diego Velazquez",oil on canvas,Spain,Spanish Baroque,1656 CE,https://upload.wikimedia.org/wikipedia/commons/thumb/3/31/Las_Meninas%2C_by_Diego_Vel%C3%A1zquez%2C_from_Prado_in_Google_Earth.jpg/1200px-Las_Meninas%2C_by_Diego_Vel%C3%A1zquez%2C_from_Prado_in_Google_Earth.jpg
179,180,3,"Woman Holding a Balance, Johannes Vermeer",oil on canvas,Netherlands,Dutch Baroque,1664 CE,https://media.nga.gov/iiif/5f6353f9-cfbf-404f-800a-b14be1b42734/full/full/0/default.jpg?attachment_filename=woman_holding_a_balance_1942.9.97.jpg
180,181,3,"The Palace at Versailles, Louis Le Vau and Jules Hardouin-Mansart","masonry, stone, wood, iron, and gold leaf (architecture); marble and bronze (sculpture); gardens","Versailles, France",French Baroque (style of Louis XIV),1669 CE,https://d7hftxdivxxvm.cloudfront.net/?resize_to=width&src=https%3A%2F%2Fd32dm0rphc51dk.cloudfront.net%2F3bcWYv3Ldmg_jdMEXxw2QQ%2Flarger.jpg&width=1200&quality=80
181,182,3,"Screen with Siege of Belgrade and hunting scene, circle of the Gonzalez family","tempera and resin on wood, shell inlay",Mexico,Spanish colonial,1697 CE,https://upload.wikimedia.org/wikipedia/commons/e/e2/Gonz%C3%A1lez_Family_biombo_enconchado_of_Hunting_Scene_%28with_Siege_of_Belgrade_on_reverse%29_c._1697-1701.jpg
182,183,3,"The Virgin of Guadalupe, Miguel Gonzalez","oil on canvas on wood, inlaid with mother-of-pearl",Mexico City,Spanish colonial,1698 CE,https://smarthistory.org/wp-content/uploads/2017/08/ma-5847.jpg
183,184,6,Sika Dwa kofi,gold over wood and cast-gold attachments,"Ghana, Africa",Ashanti peoples,1700 CE,https://cdn.kastatic.org/googleusercontent/h4BR1iKhZZcZ_tXrcmto1_aBh8pulvRXb2GU56wO4uBZJogGLCdayePp8Qu990gNVv53PA8mvRfFSD7kWO5ybv9TPw
184,185,0,"Louis XIV, Rigaud",oil on canvas,"Paris, France",French Baroque (style of Louis XIV),1701 CE,https://upload.wikimedia.org/wikipedia/commons/thumb/5/5f/Louis_XIV_of_France.jpg/270px-Louis_XIV_of_France.jpg
185,186,8,"White and Red Plum Blossoms, Ogata Korin","ink, watercolor, and gold leaf on paper",Japan,japanese,1710 CE,https://cdn.kastatic.org/ka-perseus-images/1161669b805ea3ad2d59797c37515e1b82bbe2da.jpg
186,187,3,"Fruit and Insects, Rachel Ruysch",oil on wood,Amsterdam,Dutch Baroque,1711 CE,https://smarthistory.org/wp-content/uploads/2018/08/Ruysch-Fruit-and-insects-1711-thumb.jpg
187,188,3,"Spaniard and Indian Produce a Mestizo, Juan Rodriguez Juarez",oil on canvas,Mexico,Spanish colonial,1715 CE,https://smarthistory.org/wp-content/uploads/2021/01/rodriguez-juarez-casta-brearmore.jpg
188,189,3,"The Tete a Tete, from Marriage a la Mode, William Hogarth",oil on canvas,England,English Rococo,1743 CE,https://render.fineartamerica.com/images/rendered/default/acrylic-print/8/6/hangingwire/break/images-medium-5/marriage-a-la-mode-the-tete-a-tete-william-hogarth.jpg
189,190,4,"Portrait of Sor Juana Ines de la Cruz,Miguel Cabrera",oil on canvas,Mexico,Spanish colonial,1750 CE,https://cdn.kastatic.org/ka-perseus-images/40915f33030ace362feb6ea7874caadac6762374.jpg
190,191,6,Ndop of King Mishe miShyaang Mbul,wood,Democratic Republic of the Congo,Kuba peoples,1760 CE,https://cdn.kastatic.org/ka-perseus-images/fdb062fb86a31f6d91cf6f5882f5ce718851720b.jpg
191,192,4,"A Philosopher Giving A Lecture at the Orrery, Joseph Wright of Derby",oil on canvas,England,English Enlightenment,1763 CE,https://upload.wikimedia.org/wikipedia/commons/thumb/d/d3/Wright_of_Derby%2C_The_Orrery.jpg/1200px-Wright_of_Derby%2C_The_Orrery.jpg
192,193,4,"The Swing, Jean-Honore Fragonard",oil on canvas,France ,French Rococo,1767 CE,https://smarthistory.org/wp-content/uploads/2021/02/49758842643_90850f9150_k.jpg
193,194,4,"Monticello, Thomas Jefferson","brick, glass, stone, and wood","Virginia, United States",American Neoclassical,1768 CE,https://monticello-www.s3.amazonaws.com/files/pages/square-xsml-annual-pass-monticello-25oct17-jlooney-0044.jpg
194,195,4,"The Oath of the Horatii, Jacques-Louis David",oil on canvas,France,French Neoclassical,1784 CE,https://smarthistory.org/wp-content/uploads/2016/01/davidoathsm.jpg
195,196,4,"George Washington,Jean-Antoine Houdon",marble,United States,American Neoclassical,1788 CE,https://cdn.kastatic.org/ka-perseus-images/6315349e33cafedc8c32947647f708f9d4adeb97.jpg
196,197,4,"Self Portrait,Elisabeth Louise Vigee Lebrun",oil on canvas,Italy,Italian Rococo,1790 CE,https://collectionapi.metmuseum.org/api/collection/v1/iiif/656845/1463950/restricted
197,198,9,"Ahu ula, feather cape",feathers and fiber,Hawaii,Polynesian,1790 CE,https://cdn.kastatic.org/ka-perseus-images/a201873c26f21792db2948a736713555a5649f79.jpg
198,199,0,"The Death Of Marat, David",oil on canvas,France,French Neoclassical,1793 CE,https://www.researchgate.net/profile/Guilherme-Lima-23/publication/337438956/figure/fig1/AS:827879306850304@1574393216878/The-Death-of-Marat-detail-by-Jacques-Louis-David-1793-WikiMedia.png
199,200,9,Staff god,"wood, tapa, fiber, and feathers","Rarotonga, Cook Islands, central Polynesia.",Polynesian,1800 CE,https://cdn.kastatic.org/ka-perseus-images/e1afabe89d0fbfdea1fa70fa89775b860e907453.jpg
